id,time,long,lat,elev
car178,2014-12-21T10:01:32Z,-120.55268937195154,55.01299296926057,1068
car178,2014-12-22T09:01:24Z,-120.56240208473572,54.99935365284457,1120
car178,2014-12-23T08:00:29Z,-120.58398179718289,55.001168646599496,1134
car178,2014-12-25T06:00:29Z,-120.63694039720318,55.015638858598,1099
car178,2014-12-26T05:01:00Z,-120.5735500240742,54.98953569303016,1134
car178,2014-12-27T04:02:12Z,-120.56615250956494,54.98467749344208,1191
car178,2014-12-28T03:00:47Z,-120.55648361219284,54.996906660687,1120
car178,2014-12-29T02:01:02Z,-120.55247278752992,54.997293436099035,1110
car178,2015-01-01T22:00:29Z,-120.62300404674058,55.06607433448573,1057
car178,2015-01-02T21:00:54Z,-120.64068046514234,55.07976683964128,1051
car178,2015-01-03T20:01:21Z,-120.631646070687,55.106693032059376,1025
car178,2015-01-04T19:00:54Z,-120.65713557001452,55.096588229836655,1010
car178,2015-01-05T18:01:25Z,-120.67892686102252,55.10221010464624,1024
car178,2015-01-06T17:02:43Z,-120.64100717903614,55.090982353846385,1051
car178,2015-01-07T16:00:54Z,-120.64465393416258,55.09000125592853,1048
car178,2015-01-08T15:01:00Z,-120.64274440238042,55.09235534871711,1048
car178,2015-01-09T14:00:48Z,-120.64588171502416,55.08217768600637,1048
car178,2015-01-10T13:00:59Z,-120.64869508717928,55.0817646349688,1048
car178,2015-01-11T12:00:29Z,-120.65210761662809,55.08182151065476,1048
car178,2015-01-12T11:00:29Z,-120.65697181637934,55.07849046079484,1059
car178,2015-01-13T10:00:54Z,-120.67488917654369,55.07617330528354,1050
car178,2015-01-14T09:01:02Z,-120.6975112146349,55.07482351545376,1042
car178,2015-01-15T08:01:13Z,-120.71772152942812,55.08635916269661,1018
car178,2015-01-16T07:00:29Z,-120.71228779823102,55.07558751168307,1042
car178,2015-01-17T06:01:54Z,-120.68653375992496,55.06714565637664,1038
car178,2015-01-18T05:00:29Z,-120.6788347981806,55.07242834479908,1038
car178,2015-01-19T04:01:30Z,-120.6728233409962,55.07154950827732,1050
car178,2015-01-23T23:02:00Z,-120.66593677886134,55.09538196766131,1043
car178,2015-01-24T22:01:48Z,-120.65364702727976,55.105563859282626,1010
car178,2015-01-26T20:01:30Z,-120.67592521424032,55.09342470184309,1043
car178,2015-01-28T18:02:02Z,-120.6768350735556,55.09557241830336,1043
car178,2015-01-29T17:01:51Z,-120.68205123540427,55.092381923527846,1033
car178,2015-01-30T16:00:54Z,-120.6602165169332,55.094562057121635,1043
car178,2015-01-31T15:01:30Z,-120.67898386846252,55.09635947063065,1024
car178,2015-02-01T14:01:48Z,-120.7650260804363,55.06959199647474,1040
car178,2015-02-03T12:00:48Z,-120.75813832166884,55.07595516177984,1040
car178,2015-02-04T11:01:01Z,-120.78106940915464,55.08480663170544,989
car178,2015-02-05T10:00:53Z,-120.84743471348472,55.11213651346453,1103
car178,2015-02-06T09:01:53Z,-120.83146579066604,55.11428012332187,1117
car178,2015-02-07T08:02:54Z,-120.84403601196227,55.11846718499902,1127
car178,2015-02-09T06:01:30Z,-120.83783713413676,55.10867673064531,1079
car178,2015-02-10T05:00:59Z,-120.81902856635536,55.11748266722684,1104
car178,2015-02-11T04:00:29Z,-120.8184283179764,55.12015048966996,1104
car178,2015-02-13T02:01:30Z,-120.80671703158625,55.11949973618061,1104
car178,2015-02-14T01:01:00Z,-120.81800141049824,55.115037375533326,1104
car178,2015-02-15T00:01:24Z,-120.81720294871572,55.11415118358181,1047
car178,2015-02-15T23:01:01Z,-120.82891250160064,55.117119938238766,1117
car178,2015-02-16T22:01:36Z,-120.84521526364584,55.113751141848,1103
car178,2015-02-17T21:00:29Z,-120.84763292825616,55.10874238346558,1103
car178,2015-02-19T19:00:29Z,-120.83642778732344,55.106323687047755,1079
car178,2015-02-20T18:02:42Z,-120.83948709743451,55.1057038636354,1103
car178,2015-02-21T17:00:48Z,-120.83669551389944,55.106301477634105,1079
car178,2015-02-22T16:01:24Z,-120.82574261247328,55.10792210055956,1079
car178,2015-02-24T14:00:47Z,-120.819703959966,55.11026800485343,1047
car178,2015-02-25T13:01:25Z,-120.81751181022732,55.11653867174711,1104
car178,2015-02-26T12:00:54Z,-120.82687144292868,55.11283198673791,1079
car178,2015-02-27T11:01:30Z,-120.81548777015834,55.11081266063185,1047
car178,2015-02-28T10:00:29Z,-120.83383204206156,55.1122818470913,1079
car178,2015-03-01T09:00:29Z,-120.85036024553338,55.119558699800166,1127
car178,2015-03-02T08:02:16Z,-120.84457871442105,55.11654427419513,1127
car178,2015-03-03T07:00:29Z,-120.83068871900991,55.110679882263675,1079
car178,2015-03-04T06:01:00Z,-120.85188199039884,55.12247083044998,1127
car178,2015-03-05T05:00:48Z,-120.73557058925088,55.0730475758909,1046
car178,2015-03-06T04:00:29Z,-120.75232340899504,55.07516479328499,1040
car178,2015-03-09T01:02:23Z,-120.76251403254882,55.08568948952612,998
car178,2015-03-12T21:00:48Z,-120.76949638911825,55.08777713387283,989
car178,2015-03-14T19:01:22Z,-120.77652616089976,55.08394173270826,989
car178,2015-03-15T18:01:30Z,-120.77599453445836,55.08335675007529,989
car178,2015-03-16T17:01:00Z,-120.74826558486636,55.076285297613424,1046
car178,2015-03-17T16:01:30Z,-120.73898291726442,55.08392442919328,1009
car178,2015-03-18T15:00:53Z,-120.75115657992887,55.09958345631416,1008
car178,2015-03-19T14:01:24Z,-120.74901886913942,55.10108101999938,1011
car178,2015-03-20T13:00:29Z,-120.74853746712658,55.10183615673922,1011
car178,2015-03-21T12:00:54Z,-120.74314578553182,55.101817248342,1011
car178,2015-03-22T11:00:54Z,-120.7489265596157,55.10551072391491,1011
car178,2015-03-23T10:02:44Z,-120.747589256284,55.10392196922381,1011
car178,2015-03-24T09:00:48Z,-120.73887904999974,55.07576973764453,1046
car178,2015-03-25T08:01:18Z,-120.73538958581246,55.07403296872831,1046
car178,2015-03-27T06:01:21Z,-120.72993139388132,55.07663691309626,1047
car178,2015-03-29T04:01:00Z,-120.73922280820568,55.068009866518494,1046
car178,2015-03-31T02:01:30Z,-120.73304493613,55.068955634699314,1046
car178,2015-04-04T21:01:49Z,-120.7631270511832,55.08565581075002,998
car178,2015-04-05T20:01:48Z,-120.73684236618666,55.07438358134815,1046
car178,2015-04-07T18:01:55Z,-120.72386599050336,55.07860904325265,1018
car178,2015-04-09T16:02:00Z,-120.65073866064247,55.085660327122696,1048
car178,2015-04-12T13:00:33Z,-120.64210163872028,55.09076085433696,1051
car178,2015-04-13T12:02:24Z,-120.63596419514964,55.09437223918325,1051
car178,2015-04-14T11:01:59Z,-120.636539771125,55.0915249368516,1051
car178,2015-04-15T10:01:24Z,-120.63604627068034,55.09191985735959,1051
car178,2015-04-16T09:00:29Z,-120.63650682449465,55.091020917632875,1051
car178,2015-04-17T08:00:54Z,-120.64051305168768,55.09484699948184,1051
car178,2015-04-18T07:01:25Z,-120.6424874360214,55.09751899326557,1010
car178,2015-04-19T06:00:57Z,-120.64450926005122,55.087931008320666,1048
car178,2015-04-20T05:01:00Z,-120.64839700592132,55.09778608152273,1010
car178,2015-04-22T03:01:02Z,-120.65520131480967,55.094285799382945,1048
car178,2015-04-23T02:01:49Z,-120.64725958276586,55.09553486370027,1048
car178,2015-04-24T01:00:54Z,-120.6408996874998,55.09759610783712,1025
car178,2015-04-25T00:00:52Z,-120.64259341404431,55.09678395525128,1010
car178,2015-04-26T22:00:29Z,-120.61246042931477,55.08662354785478,1058
car178,2015-04-27T21:01:24Z,-120.60938226455968,55.07675614761013,1057
car178,2015-04-28T20:01:00Z,-120.60766423931952,55.0811270054981,1058
car178,2015-04-29T19:01:48Z,-120.61276979878802,55.076436102915615,1057
car178,2015-04-30T18:00:29Z,-120.6049717597456,55.07767621692691,1068
car178,2015-05-01T17:00:29Z,-120.61281427269628,55.07174471893675,1057
car178,2015-05-02T16:00:33Z,-120.60893060962589,55.07802371469776,1057
car178,2015-05-03T15:00:29Z,-120.60296946503216,55.07474234113087,1068
car178,2015-05-04T14:00:29Z,-120.59728631172229,55.08094957769267,1082
car178,2015-05-06T12:01:01Z,-120.59500142852002,55.08194718475706,1082
car178,2015-05-07T11:00:48Z,-120.5984374600607,55.08448699962866,1082
car178,2015-05-08T10:01:11Z,-120.60591934426782,55.083843336050016,1082
car178,2015-05-09T09:00:47Z,-120.60255919803504,55.082123230966936,1082
car178,2015-05-10T08:00:47Z,-120.59944309248456,55.079472984521814,1082
car178,2015-05-11T07:01:01Z,-120.60891201432476,55.0749221436104,1057
car178,2015-05-12T06:00:29Z,-120.608335824411,55.080376137070026,1058
car178,2015-05-14T04:00:29Z,-120.59780146755648,55.08307216453882,1082
car178,2015-05-15T03:00:54Z,-120.60256520298064,55.08647402867754,1082
car178,2015-05-16T02:00:29Z,-120.60543955404644,55.08872391450855,1082
car178,2015-05-17T01:01:51Z,-120.60068237953878,55.08808192402079,1082
car178,2015-05-18T00:00:29Z,-120.6054755698335,55.08025698460803,1082
car178,2015-05-18T23:00:48Z,-120.60988172460924,55.07626257168691,1057
car178,2015-05-19T22:00:29Z,-120.68170044428469,55.0681143766016,1038
car178,2015-05-20T21:00:55Z,-120.67828295533285,55.07248973111687,1038
car178,2015-05-21T20:00:54Z,-120.66621023901246,55.067018339786046,1050
car178,2015-05-23T18:00:29Z,-120.76043986589124,55.09728266897906,1008
car178,2015-05-24T17:00:54Z,-120.74552868729272,55.101537795984434,1011
car178,2015-05-26T15:01:00Z,-120.7736556982435,55.08343085469826,989
car178,2015-05-27T14:01:30Z,-120.74916929142395,55.09952076151788,1011
car178,2015-05-29T12:00:29Z,-120.76492768107552,55.085400794036,998
car178,2015-05-30T11:00:29Z,-120.76841221398234,55.084453221754195,989
car178,2015-05-31T10:00:29Z,-120.739090840119,55.0775694371407,1046
car178,2015-06-01T09:00:29Z,-120.77312975353225,55.08359022201172,989
car178,2015-06-02T08:00:47Z,-120.76733330902437,55.08384953837647,989
car178,2015-06-03T07:00:47Z,-120.77416312886608,55.09629503581772,989
car178,2015-06-04T06:00:29Z,-120.74434016341678,55.07922437933821,1009
car178,2015-06-05T05:00:48Z,-120.73993641504252,55.07979959773156,1009
car178,2015-06-06T04:00:29Z,-120.74050330298871,55.07669292549848,1046
car178,2015-06-07T03:00:48Z,-120.76747757303022,55.08266667115656,989
car178,2015-06-08T02:00:32Z,-120.76857059901369,55.08498555592448,989
car178,2015-06-09T01:00:29Z,-120.75936077927406,55.08743372472572,998
car178,2015-06-10T00:01:00Z,-120.76365057574571,55.08778657029452,998
car178,2015-06-10T23:00:29Z,-120.76875234487032,55.08397317016305,989
car178,2015-06-11T22:01:00Z,-120.85436974172408,55.104157965470904,1103
car178,2015-06-12T21:00:29Z,-120.8317208759892,55.10696723345542,1079
car178,2015-06-15T18:01:00Z,-120.77008218733836,55.0724674358273,1034
car178,2015-06-16T17:01:18Z,-120.85588418052664,55.10398176922039,1103
car178,2015-06-17T16:01:43Z,-120.84504751852536,55.12356337290838,1127
car178,2015-06-18T15:00:47Z,-120.63639513522016,55.05971242150596,1058
car178,2015-06-19T14:02:55Z,-120.60853458727568,55.0523665837877,1056
car178,2015-06-23T10:00:31Z,-120.57362134478537,55.07326581006459,1096
car178,2015-06-24T09:01:54Z,-120.57329632054942,55.07345906796338,1096
car178,2015-06-25T08:00:54Z,-120.57323883683377,55.07337351436269,1096
car178,2015-06-26T07:02:13Z,-120.5714038956557,55.0736651079414,1096
car178,2015-06-27T06:00:54Z,-120.5692251366313,55.07549197750633,1122
car178,2015-06-28T05:01:20Z,-120.56988901314506,55.07487860368395,1122
car178,2015-06-29T04:02:06Z,-120.56415232934395,55.06822112287753,1122
car178,2015-06-30T03:01:18Z,-120.57433606944316,55.06456324493629,1096
car178,2015-07-01T02:00:47Z,-120.57388073844932,55.06173482816485,1096
car178,2015-07-02T01:01:00Z,-120.57192377087644,55.063274376156265,1096
car178,2015-07-03T23:00:29Z,-120.56575828956105,55.06086366135002,1122
car178,2015-07-07T19:00:48Z,-120.56542834986578,55.067070608464356,1122
car178,2015-07-08T18:00:54Z,-120.5556701349606,55.068607314644915,1122
car178,2015-07-10T16:00:53Z,-120.56099890930244,55.06855951454611,1122
car178,2015-07-11T15:00:47Z,-120.56015819271563,55.0671881828777,1122
car178,2015-07-13T13:00:54Z,-120.55263855245744,55.06694857263315,1132
car178,2015-07-15T11:00:29Z,-120.63982819642642,55.0663054751975,1060
car178,2015-07-16T10:00:30Z,-120.64290007272946,55.06627295835967,1059
car178,2015-07-17T09:00:47Z,-120.6648672878606,55.06641037161128,1050
car178,2015-07-19T07:00:55Z,-120.66551563755272,55.06442179213189,1050
car178,2015-07-20T06:00:48Z,-120.73424748592144,55.07705440042619,1046
car178,2015-07-21T05:00:54Z,-120.7394117178996,55.07493639904733,1046
car178,2015-07-22T04:00:54Z,-120.74401882664613,55.078253038154955,1046
car178,2015-07-24T02:00:48Z,-120.71208789441478,55.08073513023339,1025
car178,2015-07-31T18:00:47Z,-120.57678291277314,55.06424676116579,1096
car178,2015-08-05T13:01:24Z,-120.57205086059516,55.06785559940334,1096
car178,2015-08-08T10:00:33Z,-120.5761169694781,55.074752168122245,1096
car178,2015-08-11T07:00:53Z,-120.57753522779588,55.06650613331101,1096
car178,2015-08-12T06:01:44Z,-120.5874264343118,55.07785056316569,1096
car178,2015-08-13T05:01:32Z,-120.58401135201562,55.08560330482123,1115
car178,2015-08-15T03:01:00Z,-120.57086614046462,55.07018782273115,1122
car178,2015-08-19T22:00:47Z,-120.64317280214064,55.07763638360813,1059
car178,2015-08-20T21:00:29Z,-120.63816222513616,55.05950312750064,1058
car178,2015-08-22T19:01:17Z,-120.70123603040278,55.03901889432661,1091
car178,2015-08-26T15:00:48Z,-120.7138391339892,55.07186564119949,1047
car178,2015-08-29T12:00:29Z,-120.7227991819394,55.067048877530425,1047
car178,2015-08-30T11:00:29Z,-120.72883357447424,55.06238967601752,1047
car178,2015-08-31T10:02:07Z,-120.70449272884262,55.034688342803264,1091
car178,2015-09-01T09:00:47Z,-120.65064112330008,55.05459220887257,1058
car178,2015-09-02T08:01:18Z,-120.65613859981752,55.06650920349168,1059
car178,2015-09-03T07:00:29Z,-120.65494083910951,55.05605862699692,1058
car178,2015-09-04T06:00:29Z,-120.69842714843116,55.035865807409365,1091
car178,2015-09-05T05:01:00Z,-120.59486059910714,55.0859449679884,1082
car178,2015-09-07T03:01:48Z,-120.56499165146369,55.082725296671896,1139
car178,2015-09-09T01:01:25Z,-120.58370391044912,55.080630572282246,1115
car178,2015-09-15T18:00:48Z,-120.7332431129996,55.067816676915506,1046
car178,2015-09-20T13:01:20Z,-120.71965645436818,55.06562140926368,1047
car178,2015-09-21T12:00:29Z,-120.72050676772338,55.07717027922873,1047
car178,2015-09-22T11:01:24Z,-120.72533075372056,55.08259973737918,1018
car178,2015-09-23T10:00:29Z,-120.71423135670398,55.07306644676127,1047
car178,2015-09-24T09:00:29Z,-120.73066722702912,55.08517716128714,1018
car178,2015-09-25T08:01:00Z,-120.73754273138174,55.08057247924583,1009
car178,2015-09-26T07:01:30Z,-120.73522104168784,55.08088777971703,1009
car178,2015-09-27T06:03:05Z,-120.71957817470692,55.07989032307494,1018
car178,2015-09-29T04:00:53Z,-120.71638579104652,55.08324971412283,1018
car178,2015-09-30T03:01:54Z,-120.70264105335536,55.073747760102435,1042
car178,2015-10-03T00:02:16Z,-120.7060552214665,55.07559831078359,1042
car178,2015-10-03T23:00:28Z,-120.70564422397663,55.08347417855497,1025
car178,2015-10-04T22:01:00Z,-120.72452935647624,55.083252174991316,1018
car178,2015-10-05T21:01:34Z,-120.7196474568544,55.086741677335866,1018
car178,2015-10-09T17:01:00Z,-120.7770703270567,55.0837503244511,989
car178,2015-10-10T16:01:18Z,-120.76849832298151,55.08229968243237,989
car178,2015-10-12T14:01:49Z,-120.75243422438132,55.07608000030077,1040
car178,2015-10-13T13:00:56Z,-120.7533883044498,55.06140504914095,1040
car178,2015-10-14T12:00:29Z,-120.74561311304082,55.06352356088683,1046
car178,2015-10-15T11:00:54Z,-120.74828138416632,55.06334221367059,1046
car178,2015-10-16T10:00:55Z,-120.71670385492068,55.066573877547114,1047
car178,2015-10-17T09:02:30Z,-120.68613304486644,55.06885328994161,1038
car178,2015-10-18T08:00:58Z,-120.6367924427937,55.06982192397807,1060
car178,2015-10-19T07:01:47Z,-120.6073963801906,55.076948596630864,1057
car178,2015-10-20T06:02:30Z,-120.59936005654984,55.079415345387645,1082
car178,2015-10-21T05:00:56Z,-120.58883385223773,55.07621583549667,1068
car178,2015-10-22T04:00:29Z,-120.5861868827839,55.076673592668186,1096
car178,2015-10-23T03:00:29Z,-120.5782230792686,55.06602533282171,1096
car178,2015-10-24T02:00:53Z,-120.55972005959332,55.056525838794386,1075
car178,2015-10-25T01:01:24Z,-120.60891308349235,55.07755863909447,1057
car178,2015-10-26T23:00:54Z,-120.65912963514926,55.09199138304459,1048
car178,2015-10-27T22:01:18Z,-120.65503966110838,55.095103100888835,1048
car178,2015-10-28T21:02:18Z,-120.65741076406977,55.096642783742254,1010
car178,2015-11-01T17:01:30Z,-120.71497743238707,55.08311218711812,1018
car178,2015-11-02T16:02:00Z,-120.71445862329728,55.08527916630913,1018
car178,2015-11-04T14:00:59Z,-120.71463035964972,55.072387825497586,1047
car178,2015-11-06T12:00:47Z,-120.71134809015426,55.07314943927818,1042
car178,2015-11-07T11:00:29Z,-120.73015693269936,55.07463276530304,1047
car178,2015-11-08T10:01:11Z,-120.72748505869316,55.041322777414145,1094
car178,2015-11-14T04:00:53Z,-120.73410802366864,55.05463721151659,1096
car178,2015-11-16T02:01:00Z,-120.5943281738748,55.086001146507144,1082
car178,2015-11-17T01:00:48Z,-120.60440535842906,55.07902079392189,1082
car178,2015-11-18T00:01:48Z,-120.631183067616,55.10021281359705,1025
car178,2015-11-18T23:01:48Z,-120.65668566661604,55.09629687208665,1048
car178,2015-11-19T22:01:00Z,-120.64333242937887,55.09570637949748,1048
car178,2015-11-20T21:02:24Z,-120.65083554012472,55.10412186231997,1010
car178,2015-11-22T19:00:29Z,-120.63486923309182,55.09461057411501,1051
car178,2015-11-26T15:00:29Z,-120.5991463309374,55.08848814803943,1082
car178,2015-11-28T13:00:47Z,-120.57802059660224,55.06589500690729,1096
car178,2015-11-29T12:00:29Z,-120.57255315828974,55.06095282105113,1096
car178,2015-11-30T11:00:47Z,-120.58417026534325,55.07622781983677,1096
car178,2015-12-01T10:01:18Z,-120.73758170678934,55.07099958687565,1046
car178,2015-12-02T09:00:53Z,-120.85792148137229,55.12743092598832,1128
car178,2015-12-03T19:00:29Z,-120.85680131658404,55.127258420866454,1128
car178,2015-12-03T20:00:29Z,-120.85204012853715,55.124783643374734,1127
car178,2015-12-04T18:01:28Z,-120.86210923783166,55.12303725746296,1128
car178,2015-12-05T17:01:48Z,-120.72739738163077,55.07490873743118,1047
car178,2015-12-06T16:00:29Z,-120.62469147170488,55.05372045385471,1058
car178,2015-12-07T15:00:47Z,-120.4613872683089,54.98172595525955,1022
car178,2015-12-09T13:02:00Z,-120.5004761588508,54.99284671970097,1099
car178,2015-12-10T12:00:54Z,-120.46077501254548,55.01072210170124,1119
car178,2015-12-11T11:01:29Z,-120.40870953225124,55.004544729900395,1063
car178,2015-12-12T10:00:30Z,-120.43052348153913,54.99628779869887,1080
car178,2015-12-13T09:01:24Z,-120.42450860561247,55.00303752733638,1073
car178,2015-12-14T20:00:55Z,-120.43274012835522,55.00246546534304,1080
car178,2015-12-15T19:00:29Z,-120.43756634276946,55.00207284147864,1080
car178,2015-12-16T18:00:49Z,-120.461579267003,54.99873800099357,1087
car178,2015-12-17T17:00:55Z,-120.48197790232192,54.99188072273045,1098
car178,2015-12-18T16:00:47Z,-120.48768043543856,55.002201632767395,1098
car178,2015-12-19T15:01:30Z,-120.47108286570338,55.001533968120505,1093
car178,2015-12-20T14:00:47Z,-120.49425744069217,55.000305742607466,1098
car178,2015-12-21T13:00:53Z,-120.43868372717954,54.95803876858438,973
car178,2015-12-22T12:00:48Z,-120.4259451860857,54.94837551733884,997
car178,2015-12-23T11:00:48Z,-120.39368357917638,54.94877556957866,995
car178,2015-12-24T10:02:00Z,-120.38500271534043,54.94849017657066,988
car178,2015-12-25T09:01:32Z,-120.35093711182306,54.94519918443068,978
car178,2015-12-26T19:01:00Z,-120.33820728245682,54.94428270099035,978
car178,2015-12-26T20:01:47Z,-120.3578422355774,54.94302118881983,982
car178,2015-12-27T18:01:00Z,-120.3977576133844,54.937455009272774,995
car178,2015-12-28T17:01:18Z,-120.4095691695313,54.937824285062234,995
car178,2015-12-29T16:00:47Z,-120.39716433344115,54.947600616480656,995
car178,2015-12-30T15:01:32Z,-120.41866521476986,54.941829476247975,997
car178,2015-12-31T14:01:24Z,-120.38112449899457,54.9636891142959,976
car178,2016-01-01T13:00:29Z,-120.4469305444559,54.98908224942297,1022
car178,2016-01-02T12:00:54Z,-120.46296107865882,54.99295067336572,1087
car178,2016-01-03T11:01:30Z,-120.45461753172314,54.981997914665456,1022
car178,2016-01-04T10:00:29Z,-120.48868338725366,55.00216841369467,1098
car178,2016-01-05T09:00:47Z,-120.4861171054414,55.00044336342,1098
car178,2016-01-06T20:00:47Z,-120.4891593018118,54.994051847487206,1098
car178,2016-01-07T19:01:00Z,-120.48094917498196,54.99058291842671,1093
car178,2016-01-08T18:00:54Z,-120.49686688961005,54.99607156396549,1098
car178,2016-01-09T17:02:00Z,-120.47706018821934,54.99649821594557,1093
car178,2016-01-10T16:00:29Z,-120.46286086727464,54.997757932305106,1087
car178,2016-01-11T15:00:54Z,-120.46276076837228,54.97581259665783,1022
car178,2016-01-12T14:00:55Z,-120.44952967472032,54.99986124194082,1087
car178,2016-01-13T13:00:29Z,-120.46364096450144,54.99456497838429,1087
car178,2016-01-16T10:01:30Z,-120.34560599366974,54.97654701427209,982
car178,2016-01-17T09:01:37Z,-120.33704938630632,54.97925456256041,976
car178,2016-01-18T19:00:29Z,-120.39091743147812,54.965427981202474,976
car178,2016-01-18T20:00:29Z,-120.38341872013729,54.96444871314623,976
car178,2016-01-19T18:01:54Z,-120.37009656052912,54.95480288087532,966
car178,2016-01-20T17:00:29Z,-120.4274605916025,54.93981356578039,997
car178,2016-01-21T16:01:24Z,-120.3541820160182,54.97732731155561,982
car178,2016-01-22T15:01:18Z,-120.33789658390177,54.958192097189816,952
car178,2016-01-24T13:01:48Z,-120.3628813574976,54.95859300712507,966
car178,2016-01-26T11:00:29Z,-120.34368788818988,54.971749532565184,982
car178,2016-01-27T10:01:23Z,-120.3281222756518,54.96752476030221,952
car178,2016-01-28T09:01:30Z,-120.32634554353034,54.98696657072007,976
car178,2016-01-31T18:02:00Z,-120.29790049373815,54.98661632255171,969
car178,2016-02-02T16:00:55Z,-120.30647448831036,54.983480360535424,971
car178,2016-02-05T13:00:48Z,-120.37573758433662,54.98183993836218,996
car178,2016-02-07T11:00:54Z,-120.36917695002856,54.98129359576839,990
car178,2016-02-08T10:00:55Z,-120.3575643397051,54.97770653641708,990
car178,2016-02-09T09:02:29Z,-120.38491200462182,54.96623383755545,976
car178,2016-02-10T19:02:24Z,-120.36346266688469,54.94900458953099,982
car178,2016-02-10T20:00:54Z,-120.38123356170144,54.97113491068794,976
car178,2016-02-11T18:00:29Z,-120.40907710911722,54.94256031954,995
car178,2016-02-12T17:00:29Z,-120.42202005784424,54.94113658738131,997
car178,2016-02-13T16:01:23Z,-120.42104797748256,54.965576631234114,980
car178,2016-02-14T15:00:29Z,-120.3907446309556,54.98085948247405,996
car178,2016-02-15T14:00:52Z,-120.43001297293662,54.97492687667212,1012
car178,2016-02-16T13:00:48Z,-120.41419157507202,54.91227530996699,1053
car178,2016-02-17T12:01:24Z,-120.41510218640418,54.937492647441744,997
car178,2016-02-18T11:00:29Z,-120.42270392098844,54.930938902885465,1033
car178,2016-02-19T10:00:48Z,-120.42932262116706,54.93070157262799,1056
car178,2016-02-21T20:00:29Z,-120.43642776257262,54.94636770841173,993
car178,2016-02-23T18:00:47Z,-120.42658326879489,54.93301683138978,1033
car178,2016-02-24T17:00:54Z,-120.42101875582009,54.9358024802156,1033
car178,2016-02-25T16:01:18Z,-120.4242844333169,54.93747190660006,997
car178,2016-02-27T14:00:29Z,-120.42775846134496,54.94077276864617,997
car178,2016-02-29T12:00:29Z,-120.41391976884503,54.94010144491313,997
car178,2016-03-01T11:00:26Z,-120.4321868242138,54.92617745371992,1056
car178,2016-03-03T09:00:47Z,-120.42471404538766,54.95883128222419,980
car178,2016-03-04T08:01:53Z,-120.42823767644686,54.95918457527022,973
car178,2016-03-05T07:02:03Z,-120.43476937206437,54.94911048438502,993
car178,2016-03-06T06:01:30Z,-120.44909051795608,54.93926277994749,986
car178,2016-03-07T05:00:34Z,-120.45199113103163,54.942775623031736,986
car178,2016-03-08T04:00:29Z,-120.43205655586031,54.95833940377142,973
car178,2016-03-09T03:00:29Z,-120.3575796002282,54.9810420519051,990
car178,2016-03-10T02:01:49Z,-120.40163615706092,54.96324838983984,983
car178,2016-03-12T23:01:26Z,-120.35945727566352,54.95911197817567,966
car178,2016-03-13T22:00:46Z,-120.34548010814667,54.96282589915165,957
car178,2016-03-16T19:00:21Z,-120.23154127419248,54.995165011740866,991
car178,2016-03-17T18:00:29Z,-120.22796043638388,54.99516432668334,991
car178,2016-03-19T16:00:29Z,-120.3246331321271,54.99225983891389,1025
car178,2016-03-21T14:01:00Z,-120.33283574121133,54.99117251065052,1025
car178,2016-03-22T13:00:29Z,-120.3268187271118,54.98713879269084,976
car178,2016-03-23T12:01:18Z,-120.33076577113005,54.98585008601957,976
car178,2016-03-25T10:01:17Z,-120.28068051181688,54.98996314736683,990
car178,2016-03-26T09:02:00Z,-120.26293467426854,54.994329567129235,986
car178,2016-03-27T08:00:48Z,-120.28974670089266,54.98860136843904,969
car178,2016-03-28T07:00:29Z,-120.28283017594924,54.98730525620845,968
car178,2016-03-29T06:00:55Z,-120.28983877920643,54.99488733965281,998
car178,2016-03-30T05:00:29Z,-120.31000792835567,54.966882454793456,953
car178,2016-03-31T04:00:48Z,-120.31402002902796,54.96483160881359,953
car178,2016-04-02T02:02:03Z,-120.2487278028546,55.09101008283921,954
car178,2016-04-03T01:00:49Z,-120.2518064984998,55.08543400035277,950
car178,2016-04-04T23:00:29Z,-120.26059721672864,55.06758055388439,961
car178,2016-04-05T22:00:29Z,-120.25398502096476,55.08200409504474,950
car178,2016-04-06T21:01:32Z,-120.25350360043574,55.08948178086337,950
car178,2016-04-08T19:00:22Z,-120.27336292552609,55.04203945354896,994
car178,2016-04-09T18:00:54Z,-120.46558186483952,55.013869782365816,1108
car178,2016-04-10T17:01:30Z,-120.4617659318417,54.98216535601078,1022
car178,2016-04-11T16:01:31Z,-120.52046972035882,55.02128469306359,1073
car178,2016-04-12T15:00:29Z,-120.5507722272654,55.05570694778572,1081
car178,2016-04-13T14:02:06Z,-120.56547365677524,55.05910320129689,1075
car178,2016-04-14T13:01:42Z,-120.59537867425894,55.075922998056576,1068
car178,2016-04-16T11:00:29Z,-120.60403211548898,55.071904755438275,1068
car178,2016-04-17T10:00:53Z,-120.60424636338644,55.07723046968236,1068
car178,2016-04-18T09:00:29Z,-120.59586358861516,55.074107802644704,1068
car178,2016-04-19T08:00:29Z,-120.60488340123412,55.07810595086698,1068
car178,2016-04-20T07:00:29Z,-120.6082185610054,55.0773535287859,1057
car178,2016-04-21T06:00:54Z,-120.60466810700596,55.07148580020029,1068
car178,2016-04-22T05:00:29Z,-120.6092036032741,55.06924681867046,1057
car178,2016-04-23T04:00:58Z,-120.65510037562164,55.06897113345274,1059
car178,2016-04-24T03:02:50Z,-120.68461776720711,55.072385674070496,1038
car178,2016-04-25T02:01:30Z,-120.67924008777452,55.072463039262765,1038
car178,2016-04-26T01:02:19Z,-120.694184341252,55.07219872887824,1038
car178,2016-04-27T00:01:52Z,-120.71262548739772,55.07269048280249,1042
car178,2016-04-27T23:01:30Z,-120.64596311064376,55.090125454164806,1048
car178,2016-04-30T20:00:54Z,-120.57521895516528,55.067316039230285,1096
car178,2016-05-02T18:00:54Z,-120.60145134504003,55.07811927410635,1068
car178,2016-05-03T17:00:29Z,-120.596106526931,55.07528117510906,1068
car178,2016-05-04T16:02:19Z,-120.59696031614686,55.07645761848173,1068
car178,2016-05-06T14:00:29Z,-120.59736722061812,55.0806455478444,1082
car178,2016-05-07T13:00:29Z,-120.61060811565793,55.076429645507595,1057
car178,2016-05-08T12:01:00Z,-120.60511841956,55.07731954205191,1068
car178,2016-05-09T11:00:29Z,-120.58588118809,55.07571702761474,1096
car178,2016-05-10T10:01:24Z,-120.58682064808109,55.079888597774456,1115
car178,2016-05-11T09:00:48Z,-120.58457645337336,55.07864854348544,1115
car178,2016-05-12T08:01:18Z,-120.59267916083589,55.08121811644816,1082
car178,2016-05-13T07:01:24Z,-120.59665446158164,55.08181802905021,1082
car178,2016-05-15T05:00:29Z,-120.58635644503369,55.076670303109246,1096
car178,2016-05-17T03:00:29Z,-120.63501157936705,55.06750378042605,1060
car178,2016-05-18T02:00:48Z,-120.72648843807777,55.07242884798829,1047
car178,2016-05-19T01:00:22Z,-120.62306178671966,55.06404395162099,1057
car178,2016-05-21T22:01:00Z,-120.55826145011656,55.074411020210675,1122
car178,2016-05-22T21:00:29Z,-120.55333126496144,55.067147676507176,1122
car178,2016-05-24T19:00:48Z,-120.53800597576192,55.073877148156534,1132
car178,2016-05-27T16:01:09Z,-120.53837833701336,55.07342623190026,1132
car178,2016-05-28T15:01:18Z,-120.53844582332252,55.07258261495295,1132
car178,2016-05-30T13:00:54Z,-120.53745623204752,55.07262552163586,1132
car178,2016-06-03T09:01:51Z,-120.55716012183731,55.04724172060007,1075
car178,2016-06-04T08:01:24Z,-120.55676897885157,55.04749455269434,1075
car178,2016-06-05T07:00:54Z,-120.5564205907309,55.047559469904506,1075
car178,2016-06-06T06:00:29Z,-120.553891827326,55.04563891321596,1075
car178,2016-06-08T04:00:40Z,-120.55380762409942,55.045736101194755,1075
car178,2016-06-09T03:01:00Z,-120.55214162749482,55.04507335371095,1081
car178,2016-06-10T02:01:00Z,-120.5295251309873,55.04829283001581,1080
car178,2016-06-11T01:00:48Z,-120.528230671603,55.05125995100512,1080
car178,2016-06-12T00:01:00Z,-120.52733695643434,55.053057615405024,1080
car178,2016-06-12T23:00:54Z,-120.5303556383377,55.0528582318641,1080
car178,2016-06-14T21:01:48Z,-120.5272460303662,55.05326251972576,1080
car178,2016-06-15T20:00:29Z,-120.49606858401458,55.05905229625314,1078
car178,2016-06-16T19:01:30Z,-120.49551586442006,55.060128625592,1078
car178,2016-06-17T18:00:56Z,-120.49474671051546,55.05990604004039,1078
car178,2016-06-18T17:01:30Z,-120.4373978906797,55.06182220928351,1039
car178,2016-06-20T15:00:52Z,-120.43762103093846,55.06200669641841,1039
car178,2016-06-21T14:02:16Z,-120.43903874746078,55.06138930200148,1039
car178,2016-06-22T13:01:27Z,-120.44159842654632,55.062755596948456,1039
car178,2016-06-23T12:00:54Z,-120.44187940099845,55.062770493067546,1039
car178,2016-06-27T08:00:29Z,-120.46430218900028,55.05964403149828,1075
car178,2016-06-28T07:00:48Z,-120.46848029404612,55.058706234699315,1075
car178,2016-06-29T06:02:12Z,-120.48503777849174,55.06263629004989,1093
car178,2016-06-30T05:00:29Z,-120.48477752396948,55.05704854990219,1078
car178,2016-07-01T04:00:48Z,-120.4893094091102,55.05795117490706,1078
car178,2016-07-02T03:00:54Z,-120.53125081168773,55.05179769156147,1080
car178,2016-07-03T02:00:53Z,-120.5312572189148,55.05220233601398,1080
car178,2016-07-04T01:00:47Z,-120.52884919477776,55.05265685310663,1080
car178,2016-07-05T00:01:00Z,-120.52842971850664,55.05260338751443,1080
car178,2016-07-05T23:00:48Z,-120.53533206132072,55.052141112712526,1081
car178,2016-07-06T22:00:29Z,-120.5381591040984,55.04791948385637,1081
car178,2016-07-07T21:00:54Z,-120.54866030285623,55.04901243738144,1081
car178,2016-07-08T20:00:47Z,-120.54391554915762,55.05592831712472,1081
car178,2016-07-09T19:00:29Z,-120.54291953594485,55.0558273075705,1081
car178,2016-07-10T18:01:00Z,-120.5427107138994,55.05591298273897,1081
car178,2016-07-11T17:01:00Z,-120.54609531005886,55.05562171472578,1081
car178,2016-07-13T15:02:30Z,-120.56991163282794,55.07011366581868,1122
car178,2016-07-15T13:00:48Z,-120.59849439330851,55.07308105243211,1068
car178,2016-07-17T11:01:18Z,-120.5971137608854,55.07389877390128,1068
car178,2016-07-18T10:00:29Z,-120.60509935979998,55.07842481520301,1068
car178,2016-07-19T09:00:30Z,-120.60422744100988,55.07885710825716,1082
car178,2016-07-21T07:00:47Z,-120.58617012312692,55.08158361916251,1115
car178,2016-07-22T06:02:18Z,-120.60288378671008,55.07905538129705,1082
car178,2016-07-23T05:02:08Z,-120.60328678667054,55.07677111822564,1068
car178,2016-07-25T03:01:00Z,-120.59866127094551,55.07395628063139,1068
car178,2016-07-26T02:00:29Z,-120.6080516887079,55.0730624940178,1057
car178,2016-07-27T01:00:29Z,-120.58740177589686,55.07570223064496,1096
car178,2016-07-28T23:00:53Z,-120.575589802565,55.0894095862847,1115
car178,2016-07-30T21:01:24Z,-120.58507823823982,55.08228108713227,1115
car178,2016-07-31T20:01:17Z,-120.56810216327725,55.08186222959034,1139
car179,2014-12-22T09:00:48Z,-120.48771020723478,55.0642286591176,1093
car179,2014-12-23T08:01:30Z,-120.50095664267631,55.066308232985314,1108
car179,2014-12-24T07:02:00Z,-120.5532731200907,55.07323215342216,1122
car179,2014-12-25T06:00:29Z,-120.57132888087688,55.080847959130224,1115
car179,2014-12-26T05:00:29Z,-120.58605956124752,55.088359165807766,1115
car179,2014-12-27T04:00:29Z,-120.59783930365856,55.10282176005445,1091
car179,2014-12-28T03:00:47Z,-120.59206870773748,55.10284261752248,1091
car179,2014-12-29T02:00:29Z,-120.59210703181984,55.1040299243616,1091
car179,2014-12-30T01:01:30Z,-120.5964889844031,55.10416144144432,1091
car179,2014-12-31T00:00:29Z,-120.5875503175985,55.102636324420914,1108
car179,2014-12-31T23:00:49Z,-120.60682077239332,55.09445908129972,1058
car179,2015-01-02T21:00:29Z,-120.61022755663028,55.09515522567536,1058
car179,2015-01-03T20:00:44Z,-120.64665445183236,55.10076369261106,1010
car179,2015-01-04T19:00:53Z,-120.6508849899634,55.097861073883706,1010
car179,2015-01-06T17:01:00Z,-120.64985295837552,55.09541415952699,1048
car179,2015-01-07T16:01:44Z,-120.65680876385304,55.09681565170335,1010
car179,2015-01-08T15:00:54Z,-120.7829521048212,55.09127677463651,989
car179,2015-01-12T11:00:47Z,-120.65693841581913,55.0785257734798,1048
car179,2015-01-13T10:00:54Z,-120.6750284589018,55.07620293217779,1050
car179,2015-01-15T08:01:24Z,-120.71781668072872,55.08606431762623,1018
car179,2015-01-16T07:01:00Z,-120.71160663806148,55.075170213494246,1042
car179,2015-01-17T06:01:29Z,-120.68609213867168,55.06746984872783,1038
car179,2015-01-18T05:01:00Z,-120.67835807483743,55.072545097026335,1038
car179,2015-01-19T04:01:29Z,-120.67249838597697,55.07121070696084,1050
car179,2015-01-20T03:00:48Z,-120.64923972387386,55.08182908675808,1048
car179,2015-01-21T02:01:00Z,-120.6499560158476,55.08564522184901,1048
car179,2015-01-22T01:02:24Z,-120.66181379213918,55.08546005196712,1043
car179,2015-01-23T00:02:00Z,-120.64440998512153,55.097079790823315,1010
car179,2015-01-27T19:01:25Z,-120.67813111802906,55.09673872059944,1024
car179,2015-01-28T18:01:48Z,-120.67705062636144,55.09563945265515,1043
car179,2015-01-29T17:01:24Z,-120.68229705270628,55.09246750250659,1033
car179,2015-01-30T16:00:48Z,-120.65975872019698,55.09488584686626,1048
car179,2015-01-31T15:01:30Z,-120.67917544502669,55.096569865233334,1024
car179,2015-02-01T14:01:30Z,-120.7649170459787,55.06958100575875,1040
car179,2015-02-02T13:01:00Z,-120.773103200208,55.07166360467132,1034
car179,2015-02-03T12:00:48Z,-120.7581030023017,55.07602642073805,1040
car179,2015-02-06T09:01:53Z,-120.83138143298876,55.113811220605335,1079
car179,2015-02-07T08:01:24Z,-120.84430865421363,55.118355160750234,1127
car179,2015-02-10T05:01:00Z,-120.81877887077594,55.11746021893964,1104
car179,2015-02-11T04:00:53Z,-120.81823834082836,55.12018304096183,1104
car179,2015-02-13T02:01:03Z,-120.80726745455604,55.11918605953096,1104
car179,2015-02-15T23:02:48Z,-120.82716480106714,55.1178258286312,1117
car179,2015-02-16T22:02:23Z,-120.84564336613528,55.11337221168319,1103
car179,2015-02-17T21:00:49Z,-120.84787727616752,55.10886355138648,1103
car179,2015-02-18T20:00:29Z,-120.8285611813925,55.11030040612416,1079
car179,2015-02-22T16:01:49Z,-120.8264542966476,55.10780896525115,1079
car179,2015-02-23T15:01:35Z,-120.82405608399748,55.102894372240954,1079
car179,2015-02-24T14:01:04Z,-120.81951500936206,55.110282599109254,1047
car179,2015-02-25T13:01:49Z,-120.8177673716033,55.11674099780137,1104
car179,2015-02-26T12:00:59Z,-120.82667315663988,55.112729575280675,1079
car179,2015-02-28T10:00:29Z,-120.83393418338966,55.111843228500035,1079
car179,2015-03-01T09:00:47Z,-120.84998131106094,55.11960594236135,1127
car179,2015-03-02T08:00:59Z,-120.85142213585706,55.11467874054528,1127
car179,2015-03-03T07:00:29Z,-120.83075974158766,55.11081597449502,1079
car179,2015-03-05T05:00:53Z,-120.7358750968964,55.07264874736773,1046
car179,2015-03-06T04:00:29Z,-120.75232546096102,55.07540752580044,1040
car179,2015-03-08T02:02:22Z,-120.75651911595703,55.08165111826932,998
car179,2015-03-11T22:02:24Z,-120.75071556240992,55.08120246047602,998
car179,2015-03-12T21:00:54Z,-120.77014758391532,55.08733963022387,989
car179,2015-03-16T17:02:00Z,-120.74854375909356,55.07635336366399,1046
car179,2015-03-21T12:00:49Z,-120.74319580326583,55.10176424327191,1011
car179,2015-03-22T11:00:54Z,-120.748893216279,55.10554606219722,1011
car179,2015-03-26T07:02:44Z,-120.73517362190348,55.07369636784388,1046
car179,2015-03-27T06:02:00Z,-120.7305250866343,55.07666596033133,1047
car179,2015-04-02T23:02:41Z,-120.74942918713946,55.07509334173232,1040
car179,2015-04-05T20:01:49Z,-120.73738306589382,55.074240824418304,1046
car179,2015-04-08T17:02:18Z,-120.737249319117,55.07411249621866,1046
car179,2015-04-12T13:01:18Z,-120.6461514940453,55.086120045016,1048
car179,2015-04-13T12:00:49Z,-120.6405948369785,55.09372497069297,1051
car179,2015-04-15T10:00:29Z,-120.63569362260058,55.09178716479323,1051
car179,2015-04-16T09:01:24Z,-120.644070997327,55.08712251515593,1048
car179,2015-04-18T07:02:48Z,-120.64245294910802,55.09757225893363,1010
car179,2015-04-19T06:00:29Z,-120.64494616453872,55.08769676013995,1048
car179,2015-04-20T05:00:47Z,-120.64867989758942,55.097773566990625,1010
car179,2015-04-21T04:00:59Z,-120.64689086295648,55.08527140325977,1048
car179,2015-04-23T02:01:47Z,-120.65729306341252,55.09416426505009,1048
car179,2015-04-28T20:01:24Z,-120.66164040794708,55.069905953922266,1050
car179,2015-04-29T19:00:54Z,-120.65099709767686,55.06334584876643,1059
car179,2015-04-30T18:01:55Z,-120.66835998359636,55.06695167439066,1050
car179,2015-05-02T16:00:28Z,-120.66014190021708,55.07008390095597,1050
car179,2015-05-03T15:01:00Z,-120.65791359122304,55.069079231908994,1059
car179,2015-05-07T11:01:00Z,-120.63253967648728,55.09953725300134,1025
car179,2015-05-08T10:00:48Z,-120.63259918107296,55.09534957168592,1051
car179,2015-05-09T09:01:54Z,-120.63172060426012,55.094038079905395,1051
car179,2015-05-10T08:01:41Z,-120.65594477156048,55.06497834468857,1059
car179,2015-05-14T04:02:52Z,-120.59769948362246,55.08320498733358,1082
car179,2015-05-16T02:00:29Z,-120.6052014440969,55.088512484029934,1082
car179,2015-05-17T01:02:48Z,-120.6006386468165,55.08802712808275,1082
car179,2015-05-18T00:00:22Z,-120.60566498294038,55.08023374332843,1082
car179,2015-05-18T23:00:55Z,-120.60975814116954,55.07623317800555,1057
car179,2015-05-19T22:01:20Z,-120.6809029977815,55.068090196338346,1038
car179,2015-05-20T21:00:56Z,-120.6739340113981,55.075624714449646,1050
car179,2015-05-21T20:01:18Z,-120.66614141985826,55.066855220237656,1050
car179,2015-05-23T18:00:29Z,-120.6572874708375,55.055134368613174,1058
car179,2015-05-25T16:00:29Z,-120.64419677478264,55.078855147032385,1048
car179,2015-05-26T15:00:29Z,-120.6400526624228,55.07872094356039,1051
car179,2015-05-27T14:02:30Z,-120.60164152450264,55.085673521859334,1082
car179,2015-05-28T13:02:24Z,-120.5934977078508,55.08454666846186,1082
car179,2015-05-29T12:01:00Z,-120.5976894442031,55.08154325866001,1082
car179,2015-05-30T11:01:12Z,-120.59660616137025,55.0834066942335,1082
car179,2015-05-31T10:00:29Z,-120.59573914584176,55.08584258808631,1082
car179,2015-06-01T09:00:54Z,-120.60589084315316,55.08746651027693,1082
car179,2015-06-02T08:01:19Z,-120.6073893701352,55.08809059202175,1058
car179,2015-06-07T03:00:29Z,-120.5899182600314,55.095334244352,1082
car179,2015-06-08T02:00:53Z,-120.58988853144346,55.0953073180423,1082
car179,2015-06-09T01:01:34Z,-120.58954318295866,55.09505535070564,1082
car179,2015-06-10T00:00:29Z,-120.59225473768504,55.0945363132843,1082
car179,2015-06-11T22:02:18Z,-120.59385862038896,55.095755649165426,1082
car179,2015-06-12T21:01:17Z,-120.5916637924984,55.09497973949609,1082
car179,2015-06-14T19:00:29Z,-120.59042702412472,55.09469404833213,1082
car179,2015-06-15T18:00:29Z,-120.58904497326218,55.09473896042116,1082
car179,2015-06-16T17:01:00Z,-120.59357091760546,55.0935007318649,1082
car179,2015-06-18T15:00:54Z,-120.59258771415855,55.09264783283342,1082
car179,2015-06-19T14:00:29Z,-120.60428032605518,55.087405523965494,1082
car179,2015-06-20T13:00:29Z,-120.60551609049422,55.08718155980998,1082
car179,2015-06-21T12:00:55Z,-120.5889074466606,55.091035634130336,1082
car179,2015-06-22T11:01:00Z,-120.58440273108076,55.088286301171216,1115
car179,2015-06-23T10:00:54Z,-120.58491463194808,55.08863363616435,1115
car179,2015-06-24T09:00:29Z,-120.60415057627348,55.08721671851461,1082
car179,2015-06-25T08:02:20Z,-120.60494896789484,55.08749301912974,1082
car179,2015-06-26T07:00:29Z,-120.60669767549916,55.088388644604,1058
car179,2015-06-27T06:00:59Z,-120.60285475479392,55.080850005135574,1082
car179,2015-06-28T05:00:29Z,-120.60252681742432,55.07952225201283,1082
car179,2015-06-29T04:00:29Z,-120.65725267731986,55.064574846075494,1059
car179,2015-06-30T03:02:24Z,-120.60550827003222,55.071057824457355,1068
car179,2015-07-01T02:00:29Z,-120.651993930512,55.06023118553486,1058
car179,2015-07-02T01:00:29Z,-120.65314251435404,55.06254767231634,1059
car179,2015-07-04T22:00:49Z,-120.63771757997937,55.0574677566324,1058
car179,2015-07-08T18:00:29Z,-120.65815125117912,55.069837344352294,1059
car179,2015-07-09T17:00:29Z,-120.6567938616329,55.06652937106716,1059
car179,2015-07-11T15:01:00Z,-120.66075308889876,55.09074302014894,1043
car179,2015-07-12T14:00:29Z,-120.66181366639044,55.09271047101067,1043
car179,2015-07-13T13:00:29Z,-120.66612975128204,55.090188400923985,1043
car179,2015-07-15T11:00:29Z,-120.66078778747377,55.0909539364634,1043
car179,2015-07-16T10:00:54Z,-120.65345335220144,55.095227327765286,1048
car179,2015-07-17T09:00:29Z,-120.66314004021606,55.09093070256636,1043
car179,2015-07-18T08:00:29Z,-120.61475320880552,55.08759570421343,1058
car179,2015-07-19T07:01:18Z,-120.6101276260508,55.08789996544311,1058
car179,2015-07-20T06:00:53Z,-120.67015890954264,55.0866623896972,1043
car179,2015-07-21T05:01:48Z,-120.71634109878136,55.0811611468082,1018
car179,2015-07-22T04:01:00Z,-120.7262371052439,55.071612649169666,1047
car179,2015-07-23T03:01:30Z,-120.72363049707678,55.06482712470668,1047
car179,2015-07-24T02:00:25Z,-120.70972682078748,55.07736075164229,1042
car179,2015-07-25T01:00:48Z,-120.70989930078989,55.075439319130155,1042
car179,2015-07-27T22:00:31Z,-120.73050704630184,55.072281726871466,1047
car179,2015-07-28T21:02:30Z,-120.7117140177646,55.073564049822615,1042
car179,2015-07-31T18:00:29Z,-120.66025505581656,55.07002387300497,1050
car179,2015-08-01T17:00:27Z,-120.64238574839906,55.07755777074908,1059
car179,2015-08-04T14:00:47Z,-120.6479944258238,55.07118031564377,1059
car179,2015-08-06T12:00:29Z,-120.64259251407988,55.07869563814758,1048
car179,2015-08-07T11:00:50Z,-120.64170114162717,55.076318869125046,1060
car179,2015-08-08T10:01:35Z,-120.64626522266424,55.07685809084707,1059
car179,2015-08-09T09:01:58Z,-120.63285615514566,55.08203422693122,1051
car179,2015-08-10T08:00:47Z,-120.63239423240194,55.0820738741272,1051
car179,2015-08-11T07:00:29Z,-120.6172319451576,55.08690858627027,1058
car179,2015-08-12T06:02:32Z,-120.59484772762715,55.08382609064563,1082
car179,2015-08-18T00:00:29Z,-120.58662022112571,55.0877467118186,1115
car179,2015-08-19T22:01:55Z,-120.61377243140277,55.090655837830056,1058
car179,2015-08-20T21:00:54Z,-120.57259382853888,55.08116111019337,1115
car179,2015-08-21T20:01:24Z,-120.57627217505863,55.0898369396679,1115
car179,2015-08-22T19:00:29Z,-120.61406076902485,55.08685501721228,1058
car179,2015-08-24T17:00:56Z,-120.6623800436616,55.0691518804924,1050
car179,2015-08-31T10:00:48Z,-120.6583128134656,55.07031084184595,1059
car179,2015-09-02T08:01:18Z,-120.65645033124144,55.06648716084399,1059
car179,2015-09-03T07:01:32Z,-120.65506214733595,55.055987165461026,1058
car179,2015-09-05T05:01:24Z,-120.59509816635334,55.08590327790503,1082
car179,2015-09-07T03:01:27Z,-120.5653819062177,55.08270083146479,1139
car179,2015-09-12T21:00:29Z,-120.5950522289539,55.08596888918633,1082
car179,2015-09-15T18:00:29Z,-120.59284305193025,55.08695527949875,1082
car179,2015-09-16T17:01:54Z,-120.7502319138834,55.063402822645834,1040
car179,2015-09-19T14:02:00Z,-120.70329580979516,55.07176442270389,1042
car179,2015-09-20T13:00:28Z,-120.72171993019522,55.080610782854464,1018
car179,2015-09-21T12:00:29Z,-120.7180836308074,55.077419172814686,1047
car179,2015-09-22T11:00:29Z,-120.71664690212631,55.081384680525346,1018
car179,2015-09-23T10:00:47Z,-120.7300756383036,55.08252578411418,1018
car179,2015-09-24T09:00:29Z,-120.73031463411348,55.08527422845427,1018
car179,2015-09-26T07:01:48Z,-120.73514863896328,55.08086863508427,1009
car179,2015-09-27T06:02:18Z,-120.71988891665396,55.0799694019626,1018
car179,2015-09-28T05:01:47Z,-120.7142435918238,55.08322829871662,1018
car179,2015-09-30T03:01:00Z,-120.70241530252824,55.07376974654858,1042
car179,2015-10-02T01:01:01Z,-120.70460384797455,55.073243932675325,1042
car179,2015-10-11T15:01:29Z,-120.755919642853,55.07530332104131,1040
car179,2015-10-14T12:00:30Z,-120.74545721079122,55.06349694290949,1046
car179,2015-10-15T11:00:40Z,-120.74849584068023,55.06335247309779,1046
car179,2015-10-16T10:00:29Z,-120.72187362925396,55.065508591157375,1047
car179,2015-10-18T08:01:48Z,-120.63659465685052,55.06979174603915,1060
car179,2015-10-19T07:02:18Z,-120.60750865665815,55.07699943397001,1057
car179,2015-10-20T06:01:54Z,-120.6016713284629,55.079139996580466,1082
car179,2015-10-21T05:00:29Z,-120.58913193806374,55.07567781250143,1068
car179,2015-10-22T04:01:26Z,-120.58591807287728,55.07687833600391,1096
car179,2015-10-23T03:00:47Z,-120.57822922022063,55.06623220396594,1096
car179,2015-10-24T02:01:41Z,-120.55952413530296,55.05655966412382,1075
car179,2015-10-25T01:00:29Z,-120.60923919542414,55.07780693849581,1057
car179,2015-10-26T00:01:25Z,-120.6560694078958,55.09326438897846,1048
car179,2015-10-26T23:02:09Z,-120.65903053212708,55.09193860058903,1048
car179,2015-10-31T18:01:37Z,-120.71492942156686,55.066568083186894,1047
car179,2015-11-03T15:00:48Z,-120.71180164866242,55.07436417030536,1042
car179,2015-11-07T11:00:54Z,-120.7302952861846,55.07392424598524,1047
car179,2015-11-08T10:01:18Z,-120.7277039385668,55.04107311176104,1094
car179,2015-11-09T09:00:59Z,-120.7274422426742,55.044535647636714,1082
car179,2015-11-10T08:00:54Z,-120.70850885564552,55.037894411388145,1091
car179,2015-11-12T06:02:18Z,-120.71697215345458,55.0387096944373,1094
car179,2015-11-13T05:01:18Z,-120.71110615474248,55.04057720516071,1091
car179,2015-11-14T04:00:47Z,-120.73410567144514,55.05465667331802,1096
car179,2015-11-17T01:00:48Z,-120.60470184944955,55.08006306107752,1082
car179,2015-11-18T00:01:01Z,-120.63159282502124,55.10004891622481,1025
car179,2015-11-19T22:00:31Z,-120.643597423588,55.09577137437324,1048
car179,2015-11-22T19:00:54Z,-120.63494744381312,55.09492113247475,1051
car179,2015-11-28T13:00:48Z,-120.57830330000498,55.06603528891402,1096
car179,2015-11-29T12:00:29Z,-120.5729888854987,55.06117221603931,1096
car179,2015-12-01T10:01:30Z,-120.73747571796444,55.07093469577979,1046
car179,2015-12-03T19:00:47Z,-120.85692764991302,55.127242666608026,1128
car179,2015-12-03T20:00:29Z,-120.8517722856501,55.12480588546955,1127
car179,2015-12-04T18:01:24Z,-120.86212394783708,55.12305549243555,1128
car179,2015-12-05T17:01:18Z,-120.7279400252579,55.07500875442562,1047
car179,2015-12-06T16:01:42Z,-120.62534122427644,55.05358931094867,1058
car179,2015-12-07T15:02:00Z,-120.46155841419233,54.98173851851499,1022
car179,2015-12-08T14:00:29Z,-120.46037882409712,54.99991751944142,1087
car179,2015-12-12T10:01:01Z,-120.42987486023686,54.99689436658895,1080
car179,2015-12-14T20:02:19Z,-120.43265700481,55.00278733246084,1080
car179,2015-12-18T16:02:18Z,-120.487720554652,55.00231033410209,1098
car179,2015-12-19T15:00:45Z,-120.47096300711593,55.00145057062963,1093
car179,2015-12-20T14:00:54Z,-120.494471668945,55.00013036977027,1098
car179,2015-12-21T13:00:29Z,-120.43857452172264,54.958036466957296,973
car179,2015-12-22T12:00:48Z,-120.42597752784845,54.94835822327072,997
car179,2015-12-23T11:00:29Z,-120.39462228312831,54.94875075190344,995
car179,2015-12-24T10:00:29Z,-120.3869852115736,54.94850585585608,988
car179,2015-12-25T09:03:05Z,-120.35149237569438,54.945067452871335,978
car179,2015-12-26T19:01:24Z,-120.33851976003174,54.94428055637121,978
car179,2015-12-26T20:01:02Z,-120.35752034101294,54.94316701434305,982
car179,2015-12-30T15:01:30Z,-120.4186259134494,54.941711776367505,997
car179,2015-12-31T14:00:29Z,-120.38103439150868,54.96363323454479,976
car179,2016-01-01T13:01:00Z,-120.44631272966268,54.989455822018165,1087
car179,2016-01-02T12:00:48Z,-120.46290315384292,54.99287754913683,1087
car179,2016-01-04T10:00:29Z,-120.48851148914264,55.00241656589107,1098
car179,2016-01-05T09:00:29Z,-120.48472413583907,55.00321025477657,1098
car179,2016-01-06T20:00:29Z,-120.48855927911828,54.99389562528144,1098
car179,2016-01-07T19:02:00Z,-120.48077854729696,54.99056140429792,1093
car179,2016-01-10T16:01:25Z,-120.55035420858682,55.01922042638988,1068
car179,2016-01-12T14:01:18Z,-120.52152648454988,55.01050112052962,1073
car179,2016-01-19T18:00:29Z,-120.54654290392946,55.01835255646518,1068
car179,2016-01-20T17:01:00Z,-120.5401467068002,55.01780087346372,1068
car179,2016-01-23T14:01:19Z,-120.53921513164056,55.014366120044485,1068
car179,2016-01-25T12:01:54Z,-120.54756352544024,55.00958168378309,1068
car179,2016-01-31T18:01:18Z,-120.49405816559228,54.98644902002255,1061
car179,2016-02-02T16:01:24Z,-120.55967771982814,54.99245821919133,1120
car179,2016-02-03T15:00:29Z,-120.56225658870272,54.9978854959789,1120
car179,2016-02-04T14:00:54Z,-120.55365374596936,54.99433277751207,1120
car179,2016-02-05T13:00:48Z,-120.5622433409705,54.99836165822258,1120
car179,2016-02-07T11:00:30Z,-120.57953722843992,55.001484774274765,1134
car179,2016-02-08T10:00:54Z,-120.54802243934628,54.99924433425352,1110
car179,2016-02-10T19:00:53Z,-120.54224567287592,55.00574379700806,1110
car179,2016-02-10T20:01:53Z,-120.5314878373872,54.9993412856852,1102
car179,2016-02-11T18:00:29Z,-120.54725630781712,55.00718435409392,1068
car179,2016-02-12T17:00:54Z,-120.53252853053856,55.00072877673046,1102
car179,2016-02-13T16:00:54Z,-120.54305519533231,55.00580510103921,1110
car179,2016-02-18T11:01:30Z,-120.54079833629068,55.017634265845075,1068
car179,2016-02-19T10:01:17Z,-120.54084301244764,55.017671126059945,1068
car179,2016-02-20T09:00:54Z,-120.53871262251718,55.01592906841274,1068
car179,2016-02-23T18:00:47Z,-120.54104686141524,55.016641485995905,1068
car179,2016-02-24T17:01:00Z,-120.53701265684408,55.01558902088059,1068
car179,2016-02-25T16:01:33Z,-120.53962412505716,55.008711173312456,1068
car179,2016-03-07T05:00:25Z,-120.60009139824244,54.96838964390419,1328
car179,2016-03-08T04:00:55Z,-120.60538110492486,54.96614779823338,1328
car179,2016-03-09T03:01:01Z,-120.59997804879627,54.96531311421285,1328
car179,2016-03-11T01:01:56Z,-120.59600631094162,54.96589083639285,1328
car179,2016-03-12T00:01:30Z,-120.59719832624916,54.96372104925339,1328
car179,2016-03-12T23:00:54Z,-120.59684589399716,54.96125104929454,1328
car179,2016-03-14T21:01:52Z,-120.61714775416053,54.96902183495262,1301
car179,2016-03-16T19:01:30Z,-120.59512075139952,54.96057869632542,1328
car179,2016-03-17T18:00:31Z,-120.60175806257604,54.96506958375774,1328
car179,2016-03-18T17:00:47Z,-120.5956508760106,54.96739398630176,1328
car179,2016-03-20T15:01:30Z,-120.59655385802242,54.96457126763103,1328
car179,2016-03-21T14:00:29Z,-120.59941273997228,54.968241405694215,1328
car179,2016-03-22T13:00:29Z,-120.60121051383504,54.965867803202435,1328
car179,2016-03-25T10:01:47Z,-120.5995191327464,54.96567260759117,1328
car179,2016-03-28T07:01:30Z,-120.60019706518656,54.963474660765904,1328
car179,2016-03-29T06:00:48Z,-120.63697979875288,54.95512532655896,1259
car179,2016-03-31T04:00:29Z,-120.634689746168,54.96273049527915,1259
car179,2016-04-03T01:01:30Z,-120.60379852913935,55.02811451198659,1044
car179,2016-04-04T23:00:59Z,-120.60404453510158,55.05151787646595,1056
car179,2016-04-07T20:00:29Z,-120.65399805501175,55.0696060823149,1059
car179,2016-04-08T19:00:54Z,-120.60459828996434,55.07081923883182,1068
car179,2016-04-09T18:02:30Z,-120.60445182477368,55.07510411726651,1068
car179,2016-04-10T17:00:49Z,-120.60862577187616,55.069217489042686,1057
car179,2016-04-11T16:00:29Z,-120.6085300839631,55.070033609031206,1057
car179,2016-04-13T14:01:52Z,-120.61611761194705,55.07388591751404,1057
car179,2016-04-18T09:00:48Z,-120.59658987996842,55.07427495923152,1068
car179,2016-04-19T08:01:30Z,-120.604839221218,55.0783208177957,1068
car179,2016-04-22T05:00:29Z,-120.6090379241632,55.06913569602236,1057
car179,2016-04-23T04:02:02Z,-120.65529601142129,55.06884006866825,1059
car179,2016-04-29T21:00:29Z,-120.61654722755551,55.0845732410252,1058
car179,2016-04-30T20:00:29Z,-120.65058182811178,55.05466351495343,1058
car179,2016-05-01T19:01:29Z,-120.65827154394154,55.06858274068878,1059
car179,2016-05-03T17:00:29Z,-120.6654034981582,55.06661634608457,1050
car179,2016-05-05T15:01:31Z,-120.6651542140167,55.06659358648169,1050
car179,2016-05-06T14:00:29Z,-120.6802031048272,55.07314657106721,1038
car179,2016-05-07T13:01:24Z,-120.69322594557852,55.06789290131665,1038
car179,2016-05-08T12:00:54Z,-120.71434531113768,55.08016548971421,1018
car179,2016-05-09T11:02:19Z,-120.7092249948827,55.07983553783188,1025
car179,2016-05-10T10:00:30Z,-120.7385528165396,55.076276034465195,1046
car179,2016-05-11T09:00:29Z,-120.74103006685966,55.0765197813829,1046
car179,2016-05-12T08:01:53Z,-120.74131671579995,55.077271163373375,1046
car179,2016-05-13T07:00:26Z,-120.76543760167525,55.08524880792986,998
car179,2016-05-15T05:01:00Z,-120.773262592817,55.08148211986528,989
car179,2016-05-16T04:00:29Z,-120.66139628227818,55.08965882438578,1043
car179,2016-05-17T03:01:00Z,-120.61223031200416,55.08732916424256,1058
car179,2016-05-18T02:02:00Z,-120.60404061810188,55.085649119957175,1082
car179,2016-05-19T01:00:54Z,-120.60531509276724,55.08451461535056,1082
car179,2016-05-22T21:01:54Z,-120.59561432047092,55.08583356082018,1082
car179,2016-05-27T16:02:32Z,-120.63919314097026,55.07974699325015,1051
car179,2016-05-29T14:01:31Z,-120.65736768871528,55.06716307857357,1059
car179,2016-05-31T12:01:18Z,-120.65373888722326,55.054230033277264,1058
car179,2016-06-08T04:00:29Z,-120.59509815123435,55.083468241006045,1082
car179,2016-06-11T01:00:49Z,-120.59477597689092,55.08387537113589,1082
car179,2016-06-16T19:01:00Z,-120.58520409260616,55.08799162768938,1115
car179,2016-06-18T17:00:29Z,-120.58530125874948,55.08793962072981,1115
car179,2016-06-19T16:01:30Z,-120.58591339161072,55.087664111313515,1115
car179,2016-06-20T15:00:29Z,-120.59246116332864,55.08354196460028,1082
car179,2016-06-21T14:00:56Z,-120.59229709225536,55.08340388420548,1082
car179,2016-06-23T12:01:24Z,-120.60181958251349,55.081128860273296,1082
car179,2016-06-24T11:01:48Z,-120.6053446396167,55.08087465042579,1082
car179,2016-06-25T10:01:00Z,-120.59106548317033,55.083819981556,1082
car179,2016-06-26T09:00:29Z,-120.60548665596625,55.08112014715378,1082
car179,2016-06-27T08:01:31Z,-120.60388409441796,55.08564603929773,1082
car179,2016-06-28T07:01:00Z,-120.5966558295084,55.079705635214395,1082
car179,2016-06-29T06:01:01Z,-120.59615476891057,55.082311548045325,1082
car179,2016-06-30T05:00:48Z,-120.59275904826136,55.08197477499545,1082
car179,2016-07-01T04:00:29Z,-120.60133518233532,55.07979793122318,1082
car179,2016-07-03T02:01:18Z,-120.5853956542776,55.08507398813192,1115
car179,2016-07-04T01:01:24Z,-120.57130700109212,55.0856027457587,1115
car179,2016-07-05T00:01:18Z,-120.57133503882974,55.08565723957747,1115
car179,2016-07-05T23:02:19Z,-120.57976457897632,55.08905218795823,1115
car179,2016-07-07T21:00:29Z,-120.58740565296816,55.08448460613369,1115
car179,2016-07-08T20:00:54Z,-120.58750334838726,55.08442361895433,1115
car179,2016-07-10T18:01:55Z,-120.59368628912102,55.08349427535267,1082
car179,2016-07-12T16:00:48Z,-120.59509557913724,55.0923852976611,1082
car179,2016-07-14T14:00:54Z,-120.60534028439206,55.08723877755829,1082
car179,2016-07-15T13:00:29Z,-120.61390305803336,55.08739791675354,1058
car179,2016-07-18T10:01:48Z,-120.59991128980816,55.08107327289752,1082
car179,2016-07-20T08:00:29Z,-120.5735597150229,55.07997556088841,1115
car179,2016-07-22T06:00:29Z,-120.59806229524196,55.08055139646328,1082
car179,2016-07-23T05:00:29Z,-120.60365430861266,55.080580705903415,1082
car179,2016-07-24T04:00:47Z,-120.5949040934694,55.07939237750642,1082
car179,2016-07-25T03:00:47Z,-120.5903208783386,55.07900509828289,1082
car179,2016-07-27T01:00:53Z,-120.5841472662886,55.087844813883144,1115
car179,2016-07-28T23:02:12Z,-120.57560926049044,55.08934705033425,1115
car179,2016-07-29T22:01:00Z,-120.5876517550631,55.08456139551255,1115
car179,2016-07-31T20:01:18Z,-120.5679170828662,55.0818135865332,1139
